{"data_time": 0.0038508755096700042, "eta_seconds": 166960.3748504253, "fast_rcnn/cls_accuracy": 0.2470703125, "fast_rcnn/false_negative": 0.234375, "fast_rcnn/fg_cls_accuracy": 0.015625, "iteration": 19, "loss_box_reg": 0.8901175558567047, "loss_cls": 3.2094894647598267, "loss_rpn_cls": 0.3020608425140381, "loss_rpn_loc": 0.07405902072787285, "lr": 4.99525e-06, "roi_head/num_bg_samples": 96.0, "roi_head/num_fg_samples": 32.0, "rpn/num_neg_anchors": 199.375, "rpn/num_pos_anchors": 56.625, "time": 0.44525141300982796, "total_loss": 4.482912085950375}
{"data_time": 0.004120321973459795, "eta_seconds": 167107.6849022135, "fast_rcnn/cls_accuracy": 0.46484375, "fast_rcnn/false_negative": 0.46875, "fast_rcnn/fg_cls_accuracy": 0.015625, "iteration": 39, "loss_box_reg": 0.8642798364162445, "loss_cls": 3.104530096054077, "loss_rpn_cls": 0.24108608812093735, "loss_rpn_loc": 0.06802941486239433, "lr": 9.99025e-06, "roi_head/num_bg_samples": 96.0, "roi_head/num_fg_samples": 32.0, "rpn/num_neg_anchors": 196.125, "rpn/num_pos_anchors": 59.875, "time": 0.44636093100416474, "total_loss": 4.283302541822195}
